Speaker,Original Witch Hunt (OG)
Ushiromiya Ange,"""Amakusa, could you turn that off?"""
Amakusa Juuza,"""Whoops, my bad.  You don't like M. Zakky?"""
Ushiromiya Ange,"""I'm just not in the mood."""
,"Amakusa turned the radio off."
,"The world of cheery sounds was immediately swallowed up by the roar of the sea, and blotted out by the ocean's gray......"
Captain Kawabata,""".........Can you see it?  Over there's where the harbor was at the time."""
Ushiromiya Ange,"""........................"""
,"The boat captain pointed, but I couldn't really recall that scene of 12 years ago."
,"......I had believed that I would surely be able to immediately remember how things had been at the time, ...but no memories came back to me."
,"After that incident, the island was sealed off and left to the wild."
,"......That was probably reasonable as well, but being unable to satisfy myself, ...was sad and painful for some reason."
,".........Ah, but I at least remember one thing."
,"You could say that it would probably be the same anywhere on the sea, ......but I remember at least one thing."
,"The cries...of the seagulls.I do remember...those."
,"......When I had been young, I'd rarely gone to the ocean."
,"...So everything that symbolized the ocean meant Rokkenjima and a family gathering to me."
,"In short, ......it was a symbol for the happiness of going out with my family."
,"However, at this point in time, it seems doubtful whether that even was happiness."
,"In my younger days, the trip had felt like a relaxed family vacation, but considering my parents' situation at the time, it was surely a very difficult trip to handle, with the distribution of the inheritance filling the place with the smell of gunpowder."
,"I can remember giggling all over the place, completely ignorant of my parents' feelings..."
Amakusa Juuza,"""Rokkenjima, ......is it.  The beginning of everything, and the last stop for all journeys."""
,"Amakusa, in an attempt to speak for my innermost feelings, tried to sound cool."
,"The boat slowly rounded the island.......As the angle changed, I hoped that my memories of the island's silhouette at the time might come back just a little, but in the end, even though the inlet was completely hidden by cliffs, I wasn't able to remember anything..."
Ushiromiya Ange,"""......Captain, that thing you mentioned...about the other harbor...please tell me about it."""
Captain Kawabata,"""Hmmm.  .........Rokkenjima supposedly has only one harbor.  But that's only it's public appearance."""
Ushiromiya Ange,"""On the back of the island, there's another hidden harbor.  .........Like Rokkenjima itself.  It has a second face, which no one knows about..."""
Captain Kawabata,"""............Rokkenjima is an island in the possession of the Ushiromiya family.  But it has another face, as an island owned by Kinzo-san personally......"""
Amakusa Juuza,"""So this island, ...has two harbors and two mansions.  He sure spent a lot just so that he could keep a mistress."""
Ushiromiya Ange,"""And who knew about this other harbor...?"""
Captain Kawabata,"""Very few.  Kinzo-san, the butler Genji-san.  Those of us involved with the boats, and a very small number of the oldest servants.  ......Both the previous owner of the Nanjo clinic and that Kumasawa baa-san knew.  Naming them off like this makes it sound like there were quite a few, but in any event, there was a small number of people who knew."""
Ushiromiya Ange,"""Please...tell me about that other mansion."""
Captain Kawabata,"""......I was only told that there was a mansion called Kuwadorian.  Since I wasn't permitted to leave the boat, I never saw it, not even once."""
Amakusa Juuza,"""So it was far away enough that you couldn't see it from the harbor?"""
Captain Kawabata,"""I don't know.  ......But it was a hidden mansion after all.  Probably was built where you couldn't see it from the outside.  ...Anyways, Kuwadorian was the biggest secret of that island."""
Ushiromiya Ange,"""There's a theory that Beatrice lived in Kuwadorian, or else was confined there.  What do you think, Captain?"""
Captain Kawabata,"""......I did sometimes carry miscellaneous goods to Kuwadorian.  And that included a lot of high-class stuff that only women would use.  ......I also am convinced that theory is true."""
Amakusa Juuza,"""So does that mean you never saw Beatrice directly, Captain?"""
Captain Kawabata,"""Nope.  Came and went for about 20 years, and I never saw her once."""
Amakusa Juuza,"""Twenty years...!  Whew, that means she was at least 20+.  Look's like she wasn't any mademoiselle."""
Captain Kawabata,"""But one day, *bang*, all coming and going to and from Kuwadorian suddenly stopped.  That was about 30 years ago, ......so around Showa 43 (1968), I think."""
Ushiromiya Ange,"""*bang*?  You mean suddenly?"""
Captain Kawabata,"""......We came by the back on a specified schedule to carry food and trash one way or the other.  ......Oh, when I say the back, I mean the harbor on the Kuwadorian side."""
Ushiromiya Ange,"""I get it.  ...So then?"""
Captain Kawabata,"""One day, we got an urgent message from Genji-san.  He said that until we heard differently, there was no need for us to go to the back anymore."""
Amakusa Juuza,"""And did you hear differently?"""
Captain Kawabata,"""Not in particular.  In short, one day, suddenly, I was told that they wouldn't need regular service at the back anymore, and that I didn't have to take food there either.  ......At first, I thought I was being fired."
Captain Kawabata,"  But I quickly noticed.  ......And because of the reactions from the servants who knew of Kuwadorian, I managed to guess somehow."""
Ushiromiya Ange,""".........Beatrice died, and there was no longer any need to take food or people to care for her?"""
Captain Kawabata,"""That's what I think.  From that point on, I was never told to take a boat to the back.  However, after that, Genji-san came to see me face to face, and got pushy, strongly urging me never to speak of anything related to the back until I died."""
Ushiromiya Ange,"""So, if that hidden mansion was abandoned for 20 whole years, .........why was Eva oba-san there?"""
,"On that day 12 years ago.........Ushiromiya Eva somehow escaped harm alone in a hidden mansion 2 kilometers away from the mansion."
,"Why was she in a hidden mansion that had been forgotten for 20 years.........?"
Captain Kawabata,"""I saw on the talk shows.  Even I don't have a clue what happened.  Not once did I guide Eva-san to the back.  I have no idea how or why she knew about and reached Kuwadorian."""
Ushiromiya Ange,"""I wonder if it was possible to go to the back where Kuwadorian is by land."""
Amakusa Juuza,"""......If, as we heard, the forest was dense and uncultivated, I seriously doubt a well-dressed lady person'd be able to bush-crash it."""
Ushiromiya Ange,"""So what about by sea?  Maybe there was a motorboat or something."""
Captain Kawabata,"""Are you kidding?  That two-nighter typhoon was awful.  No way you could'a used a boat."""
Ushiromiya Ange,"""So what if, ......there was an underground passage or something between the mansion and Kuwadorian.  Wouldn't it have been a pain to have to charter a boat each time he wanted to visit his mistress's house...?"""
Amakusa Juuza,"""You mean a tunnel long enough to connect mansions on opposite sides of a 2 kilometer island like Rokkenjima...?"
Amakusa Juuza,"...Well, I'd like to laugh at the thought, but this rich guy made a whole hidden mansion for his mistress.  Guess I can't deny the possibility.  ......What do you think, Captain?"""
Captain Kawabata,"""I'm a man of the sea.  I don't know about holes.  But the Japanese military dug a 25 kilometer tunnel on Iwo Jima.  Wouldn't surprise me if 'that' Kinzo-san could dig at least 2 kilometers."""
Ushiromiya Ange,"""...............There really is something wrong with this island.  Even now, not one of us really knows a thing about it."""
,"The boat reached the shore.There would be a short walk to reach the mansion."
Captain Kawabata,"""......I'll wait here.  The mansion's that way.  The path from back then's probably still there, but I'll bet it's covered with plants.  Make sure you don't get lost."""
Amakusa Juuza,"""Right, let's go."""
Ushiromiya Ange,"""Thanks for everything, Amakusa.  You wait here too."""
Amakusa Juuza,""".........Well, I had a feeling you'd say that."""
Ushiromiya Ange,"""I'm just delivering something.  It'll be a pain over there if you come too.  I imagine your toxin is strong."""
Amakusa Juuza,"""Toxin?  Oho."""
Ushiromiya Ange,"""I'll be back soon.  Today, our main goal is Kuwadorian.  ......After I deliver this, I'll come right back."""
,"Ange put on her knapsack, holding the flowers she would offer."
Captain Kawabata,"""I feel for you, young'un.  ......See you soon, little lady.  Your family is waiting for you."""
,"I had never been on a road like this, but I had no trouble finding my way.If I walked straight ahead, it would probably guide me to the final destination for everything."
,"Of course, when the vegetation got incredibly vague, I would lose track of the path."
,"......But the road that was left was much better than I had imagined."
,"Still, that didn't change the fact that it was a bad road."
,"......Contrary to the distance shown on the map, I was forced to walk a long way......"
,"......The forest was deep and dark."
,"At the time, I had been threatened into staying away from the forest because a witch lived there."
,"Of course, that fear is gone now, .........but, I feel it."
,"Because I was me, ......I could feel the presence, like an aura, of the Golden Witch Beatrice..."
,"Here and there were massive fallen lumps of rock along with overgrown trees and ivy.  ......And the voices of birds and bugs."
,"Yeah, I feel it..........I feel...that the witch...is here......"
,"Ahead, an ivy-covered construction site fence and warning sign stood."
,"'No entry, Tokyo Metropolis'.That was written on it."
,"Yeah, that's right.  When you think 'Tokyo', you tend to think of a city, but Rokkenjima is also located within Tokyo Metropolis."
,"......Apologizing to the sign for my mistaken impression, I climbed the fence."
,"When I crossed the steep slope beyond that, ............my field of vision rapidly expanded, and a fresh sea breeze blew through my hair......"
,"It was like the top of a little hill."
,"......Below me was a vast view of the island."
,"I could only see desolated forest and rock walls spread out below me.......But, somehow, I realized that the mansion was probably somewhere around there."
,"The steep downward slope beyond this hill had probably been caused by landslides from 12 years of wind and rain."
,"It had become a slant filled with crags that you might even call gentle cliffs, and it would be easy to tumble down, though it looked like climbing back would be pretty difficult."
,".........In any event, it seemed that proceeding any further would be impossible."
,"If I continued any further, I wouldn't be able to return.In other words, .........this is...the border."
,"This place is 1986 and 1998.And, it is that day and today.The boundary between this world and nirvana."
Ushiromiya Ange,"""............This place is, ......this journey's final destination, it seems."""
,"As the strong wind blew Mammon and Sakutaro's hair, they looked down from the hilltop..."
Mammon,"""......From here, I can't really tell.  Where's the mansion?  Let's get closer."""
Sakutarou,"『Uryu, ...that's impossible.  We won't be able to come back.』"
,"......We won't be able to come...back.  ...Is it?"
,"I see.  ......This is 1998, ......and I am the Ushiromiya Ange who has been left all alone."
,"At first, it was a journey to die.But not anymore.It has become a journey to accomplish something......"
Ushiromiya Ange,"""Yeah.  ......So, I'm sorry, you two.  Although, as I was back then on that day, I would have gone down that cliff without any hesitation."""
Mammon,"""Come on, this is pretty lame for the skyscraper-jumping Ushiromiya Ange."""
Ushiromiya Ange,"""Sorry."""
Sakutarou,"『This place is as good as any.  .........Because you can feel the wind of that day.』"
Mammon,"""..................Was the wind...really like this?"""
Sakutarou,"『Yeah.  Very soon, they will come.  ..................Everyone.』"
,"Sakutaro said it as though it was completely natural.......And...I believed it."
,"Dad.Mom.Onii-chan.All of my relatives, and those fun servants.And, ............Maria onee-chan."
Ushiromiya Ange,"""It's me.  ......It's Ange.  ............I've...come back."""
,"When I had started my journey to expose the past of 12 years ago, that goal had been abstract, and I hadn't understood."
,"But now, ......I have no doubts."
,"This journey, ......was induced by several thoughts and fates over 12 years."
,"A journey to end things for me, Ushiromiya Ange."
,"And, a journey to end this as the last witch of Mariage Sorciere."
,"I came here as the last daughter of the Ushiromiya family, and as the last witch......"
Ushiromiya Ange,"""......Dad, Mom, Onii-chan.  ...Sorry.  Let me greet Maria onee-chan first."""
,"A strong tailwind urged me on."
,"That tailwind took just my soul out from inside my body, ......to the vast forest beneath me."
,"And, though from here on I couldn't see, I believed that it flew me to the mansion on that day, to where everyone was...to where Maria onee-chan was."
,"And so, ......even though my body was on the top of the hill, a strong wind blowing against me, ......my soul was now certainly dancing through that sky......"
,"The vast, vast sky of Rokkenjima.......Below me was the green of many trees."
,"But...I understand.I can comprehend the presences of my family and relatives, and all the servants..........And...Maria onee-chan too."
,"I could even comprehend, ......Maria onee-chan as a witch."
,"It was vast, more so than any vast space I had imagined up until now."
Ushiromiya Ange,""".........Maria onee-chan.  Can you hear me......?  Listen......!!"""
,"Ange called to the Maria of that day."
,"A long journey had passed."
,"And finally, she knew just how much she had wounded Maria when she was young."
,"She understood magic, and now understood everything about the world Maria had wanted to show her."
,"It was very warm, overflowing with love and happiness."
,"......She had wanted to become even happier by sharing that world, but I had trampled it."
Ushiromiya Ange,"""So now, I finally understand everything.  .........I understand magic...!  Our magic is surely very faint and fills the space beside us.  ......But it isn't something that anyone can see with their eyes.  ............Magic is......yes, I can say it clearly."""
,"――Without love, it cannot be seen"
,"Sorry, Onee-chan."
,"......I've already been excommunicated from the alliance of witches, but now, I understand how wonderful it is."
,"And, .........I know that since the day I wounded you, Mariage Sorciere, ......was transfigured into something different from what you truly desired, Onee-chan."
,".........Even the magic that spat anger by cursing people was probably important to Onee-chan in those days."
,"Onee-chan's environment was sad enough to permit that."
Ushiromiya Ange,"""But, .........now, those sad days...are over.  ......So, ......let's return Onee-chan's alliance of witches, .........back to the original Mariage Sorciere."""
,"The grimoire was in my hands without me realizing it."
,"......The strong winds were rapidly blowing its pages one after another......"
,"The world had been kind in the beginning."
,"How could you give birth to magic that would make candy fall from the sky?"
,"How could you give birth to magic that would make tomorrow's dinner creme croquette?"
,"How could you give birth to magic that would make the weather good when you go out tomorrow, and make your whole day fun?"
,"New magics of happiness were created one after another, coloring her world with kindness..."
,"Those days were flipped through one after another, .........and tomorrow began to flash by..."
,"The pages with drawings that had once been colorful...gradually began to change into the color of black ink......"
,"......Eerie magic circles, and demon summonings.Evil magic for harming people."
,"How could you give birth to magic that would cause the class bully to catch a cold?"
,"How could you give birth to magic that would seriously injure someone in class so that they died?"
,"How could you give birth to magic that would cause a bus loaded with all the bullies to fall off a cliff?"
,"Malicious magics were created one after another, ......burying the pages and her heart..."
Ushiromiya Ange,"""Because I hurt Onee-chan...Mariage Sorciere ended up like this.  .........Onee-chan isn't a black, evil witch.  ......She was a white, ......pure, innocent, ......kind witch......"
Ushiromiya Ange,"......I'll...return it to how it was.I'll bring back the original Maria onee-chan, ......the one who scattered magic to make people happy across the entire world."
Ushiromiya Ange,"  ......That is the reason I came here.  I was guided by fate.  ............Maria onee-chan, can you hear me......?  .........Show yourself before me.........!!"""
,"That voice rode an even stronger wind and was sent 12 years into the past......"
,"Then, ......the wind gradually ceased, .........and silence fell......"
,"*crunch*, *crunch*.  ......I could hear the sound of gravel being stepped on."
,"I listened to those footsteps, surprised at this miracle.......Without a doubt, those were Maria onee-chan's footsteps."
Ushiromiya Ange,"""............M, ......Maria onee-chan........."""
Sumadera Kasumi,"""It's Kasumi.  .........Looks like I finally found you, eh, Ange-chan.........?"""
Ushiromiya Ange,"""............"""
,"......Before I knew it, Kasumi oba-san and her black-suits, a total of seven people who didn't resemble Maria onee-chan in the slightest, were standing there, surrounding me."
,"And it felt like my voice had been just about to reach Maria onee-chan, too......"
,"...Because of these guys' toxin, .........the magic had been interrupted..."
,"Ange clicked her tongue at that, but Kasumi probably didn't hear it that way."
Sumadera Kasumi,"""............Hmmmm.  Are those flowers for your deceased family?  ......How admirable.  You're going to throw them, right?  Go ahead, we'll wait that long."""
,"......And just what are you waiting for......Ange could more or less guess."
,"The way the black-suits unnaturally stuck their hands into their pockets clearly brought to mind the likelihood that they were in possession of handguns."
,".........This is a deserted island.There could be no more convenient place to dispose of someone."
,"I have absolutely no interest in the family matters of the Sumadera family."
,"...But if I die, all of that wealth will be plunked into the Sumadera family."
,"Unlike me, they are probably very interested and concerned."
,"Of course, it seems that if the massive amounts of stock I own suddenly go to them, it'll be pretty bad for the Ushiromiya Group as well, and they're apparently having a secret feud, fighting over me all by themselves."
,"......That's probably why President Okonogi gave me Amakusa as a guard."
,"............Having Amakusa wait on the boat was a regretful mistake..."
Ushiromiya Ange,"""Oba-san, how long have you been waiting for this ambush......?"""
Sumadera Kasumi,"""Since early morning.  Thanks to that, I'm completely tired of waiting.  After all, there's no cafes or dressing rooms here."""
Ushiromiya Ange,"""No toilets either, so I guess you had to elegantly drop a load behind a tree.  .........ack-"""
Sumadera Kasumi,"""One who is a lady with half Sumadera blood flowing through her veins will not use such filthy words.  .........You really are Sumadera Kyrie's child.  Not a trace of grace."""
,"She grabbed me by the hair and forced my face up to hers.  And then spat at me."
,"......My words might be filthy, but they're no worse than her spit."
Ushiromiya Ange,""".........Every time you talk to me, Oba-san, it's always about Mom.  ...Am I really that much like my mother?"""
Sumadera Kasumi,"""Yes, you are.  ............That impertinent gaze.  Your mouth and nose are the same too."
Sumadera Kasumi,"  ......Freewheeling and irresponsible.  ......You thought nothing of the long history and tradition of the Sumadera family, and selfishly flew out of the house.  Thanks to that, my entire life has been cleaning up your mess...!"""
Ushiromiya Ange,"""Well, it's true that your life has been a piece of crap."""
,"When I was slapped on the cheek, my ear was smashed, and for an instant, my head rang..."
,".........My hair was pulled, spinning me around, and I fell to the ground."
,"And in a flash, the ground was kicked and I was struck with sand."
Sumadera Kasumi,"""Yes, you truly are like Nee-san.  That gaze!  That gaze like you're somehow making fun of me.  Yes, I do remember, many things!"""
Ushiromiya Ange,""".........You are pitiful.  I imagine that since you were young, you were always compared against Mom and scorned.  ......And for your entire life, you'll never be released from that wretchedness."""
Sumadera Kasumi,"""A little girl like you couldn't understand.  ......You see, your mother is a loser who threw everything away and ran away from the Sumadera family, right...?  Do you know how much..., how much trouble I went through because of that loser?!!"""
Ushiromiya Ange,"""Any trouble you went through has nothing to do with me.  Can't really do anything about what happened before I was born.  "
Ushiromiya Ange,".........When will your life begin?  ......It never will.  For all eternity, you'll always, always continue to be sneered at by my dead mother until you die.  ......So why not die?  Why are you living?"""
Sumadera Kasumi,"""You little piss...!!  You all...!  Make her some tea."""
,"""Heheheh...  Leave it to us..."""
,"""You big-mouthed shitty brat.  Let us teach you a little lesson."""
,"The black-suits dashed up to me, violently grabbed me by the nape of the neck, and dragged me down."
Sumadera Kasumi,"""Do whatever to her until my break is over.  Teach my cute niece her place."""
,"Sumadera Kasumi.When I think about it, she was a pitiable person."
,"To the outside world, women of the Sumadera family were trained to be in a position to support and defer to men."
,"......But in actuality, a strong leadership was demanded of them so that they could manage all of the common people."
,"A role literally as a landlady was demanded of them."
,"Managing the Sumadera family with all its traditions was not something that could be accomplished with just an ordinary level of dignity."
,"It was an unimaginably heavy responsibility."
,"Normally, this would have been demanded of Kyrie."
,"Kyrie had undergone that harsh training.And Kasumi, as the younger sister, should have been able to take it easy."
,"No, to the contrary, she had lived like a lazy, selfish and affluent princess, sneering at Kyrie, who had been given the heavy responsibility."
,"......However.  Kyrie had suddenly been disinherited."
,"She had refused the fiance her parents had arranged, and had gotten pregnant by her lover, Ushiromiya Rudolf."
,"From the Sumadera family's perspective, even though the Ushiromiya family held a vast fortune, it was a downgraded family which had already collapsed."
,"And to become not even a legal wife, but a mistress to the second son of that family..."
,"Normally, a daughter of the main family would be shown no mercy for something so dishonorable."
,"They would wrap her up in a mat, place a pole on end, and throw her either into the Pacific Ocean if the pole fell to the right or the Sea of Japan if it fell to the left."
,".........But Kyrie's punishment was nothing but disinheritance, an unbelievably warm-hearted decision."
,"After that, the Sumadera family began receiving favorable treatment from a section of the Ushiromiya group.  ......There must have been some kind of backroom deal."
,"In other words, Kyrie openly left the Sumadera family with the pretense of gaining financial support from the Ushiromiya family."
,"Kasumi had watched it happen in shock.No, she even disparaged her dishonorable sister as a loser."
,"......But, eventually...She realized that the heavy responsibilities Kyrie had born would be passed on to her, and then, for the first time, she noticed that she had been outwitted......"
Sumadera Kasumi,"""Because of your mother, my life turned into a mess.  ......No, you could even say she killed me once.  On that day, I was killed once and thrown into a hellish life..."""
Ushiromiya Ange,""".........Isn't that just what you get for making light of life until then?  ......gyack!  .........gah, gah......"""
,"""Don't you ever stop talking, girl?!  Hyaah!"""
,"The black-suit punched me in the gut, and I doubled over.But I was quickly grabbed by the nape of the neck and made to stand up again."
,"Kasumi cold-heartedly looked down at me, smoking a cigarette......The painful days after Kyrie had left were floating through her mind."
,"Until then, she had been allowed to be a simple lady, freewheeling and naive.......Only the older sister, Kyrie, had been harshly trained, and she, the younger sister, had been able to live as nothing more than a princess."
,"Then, suddenly, everything had been turned over, so much so that her life had crashed down......"
Sumadera Kasumi,"""My life, lifestyle, and the way I lived, ......were all stolen from me.  .........Do you know how much I was derided by those relatives who didn't know the details, all because of my sister's dishonor...?  I detested her.  I detested your mother enough to make me spit blood..."""
Ushiromiya Ange,"""Glad to hear it.  I'll be counting on you in the future too.  .........Graggghh!!"""
,"A kick landed in Ange's side as she crawled on the ground.Ange didn't stand up again."
,"......So as she continued to lie there like a caterpillar, she was kicked every time she spoke up."
Sumadera Kasumi,"""......I saw Nee-san at an Ushiromiya Group party once.  ......She was with her husband, .........looking very happy, ......and laughing.  ......She, ......pushed everything onto me, ......and found happiness, .........only for herself........."""
Ushiromiya Ange,""".........So what?  How is chopping me up going to make you happy?  Is chopping me up gonna turn back time and change history or something?  "
Ushiromiya Ange,".........Uguhguhguh, .........gah, .........ghackk......!!"""
Sumadera Kasumi,"""You said something a short while ago...  When will my life start?  .........No matter how much I despise you or chop you up, I cannot turn back time.  ......So until I die, will I keep hating Onee-san even though she's dead?"
Sumadera Kasumi,"This isn't a joke.  ......How long will I have to be tormented by Nee-san's ghost?  So I thought of something.  .........If I could succeed in this, I would be able to forget all of my hatred and start over."""
,"Ange was about to counter this insult, but stopped....Because she would be kicked again if she responded."
,"......Even if Kasumi didn't say any more, Ange had a pretty good idea what she meant.Kasumi thought that by taking revenge against Kyrie's daughter Ange, she would be able to bring an end to her hatred."
,".........Talk about pushing your problems on other people."
Sumadera Kasumi,"""Come on, stand up.  If you like this island that much, I'll bury you deep in it.  .........You don't want to die at that age, right?  Don't you want to say 'sorry my mother caused you so much trouble', or something?"""
Ushiromiya Ange,""".........Who'd, ......say something like that.  .........gwah, .........guh, ......!!"""
Sakutarou,"『Uryu-!!  Ange, Angeeeeee...!!』"
Mammon,"""Ange-sama, no...!  You must not provoke them...!!  You should at least make it seem like you're going along with them, so you can buy some time...!"""
Ushiromiya Ange,""".........They often say that, ...you should throw your foolish pride, ...out with the garbage......"""
Sakutarou,"『Oh, Amakusa-san...?!  If Amakusa-san comes, I'm sure......!』"
Mammon,"""......No, I can't see him.........You idiot, Ange-sama...!  Why did you come without Amakusa...!"""
,"I didn't need Mammon to tell me.......Right then, I really was right in the middle of regretting it."
,"I walked a long way.  The forest was very thick.......I have no doubts that the disturbance here will not reach the boat......"
,"During the time it took for Kasumi to finish casually smoking a whole cigarette, I was continuously tormented by the black-suits, as she had told them to."
,"The moment I grabbed my head, my scalp was kicked by someone at a bad angle, and my head was filled with stars......  The feeling of stars flickering in this world twisted with gray, ......was one I knew well."
,"My life was very similar to the one Sumadera Kasumi had led."
,"...Because as the successor to the Ushiromiya family, I had been tormented constantly with various bullying under the guise of education and training."
,"Yes.  Having the inside of my head filled with stars like this...is a feeling I knew well."
,"When being reprimanded for some error in manners I seemed to have made, the discussion always turned to whether I was fitting to be successor to the Ushiromiya family or not."
,"......On and on about the honor of the Ushiromiya family, and how deep that was."
,"......By the time conversation reached that point, I would forget what mistake I was being blamed for in the first place."
,"No, actually, it was the same way for Eva oba-san too."
,"After all, sometimes she would ask herself ""Umm, what was it again?"""
,"...But in the end, she wouldn't be able to remember, and would say something like:"
Ushiromiya Eva,"""The reason I am angry must be because you did something wrong, Ange.  So whatever wrong thing you did is the problem, and being unable to remember what it was now isn't the problem."""
,"...There'd be some ridiculous reasoning like that, and then she would continue punishing me."
,"Yes.  Eva oba-san's punishment wasn't something that would continue until I learned something, or acknowledged my mistake, or apologized."
,".........It would continue until Eva oba-san wanted to stop.So this violence was a bit nostalgic, in a way that made me want to vomit."
,"......I open my eyes, ......and look, there's Eva oba-san."
,"Right next to Kasumi, who's smoking a cigarette, I can see Eva oba-san, almost as though the two of them are laughing together."
,"When I think about it, even Eva oba-san's life might be a thing worthy of my sympathy."
,"......The responsibility and pressure as a member of the Ushiromiya family, which she had often mentioned to me, had probably caused her great pain."
,"Because people cannot voice insults that they have never been hit with themselves......"
,"It was probably the same way for Rosa oba-san as well.......As the youngest child of the honorable Ushiromiya family, she must have gone through many tough times."
,"So, in the same way that Eva oba-san acted towards me...And the same way that Sumadera Kasumi is acting right now.........Rosa oba-san must also, ...have been the same."
,"People tend to push the pain they're burdened with onto other people.Otherwise, they can never escape from that pain."
,"......So on and on, in eternity and perpetuity, their chains of pain and sadness do not end."
,"That is the reason, ............Maria onee-chan's magic is, ......so incredible."
,"With her magic, ......she did not have to bear the pain caused by Rosa oba-san."
,"That pain was probably pushed onto her.Its weight probably tormented her."
,"......But Onee-chan did not carry that burden on her own shoulders."
,".........She purified it...and filled her world with happiness."
,"So, for sure.........Even if Maria onee-chan had had children in the future..."
,"She probably wouldn't have pushed the pain that had been forced on her onto her children."
,"......Those chains of pain and sadness that stretched for who knows how long, which she didn't understand and which she had inherited, had been forced onto her............Maria onee-chan cut those chains with her magic."
Ushiromiya Eva,"""............Whaat is it?  Do you have something to complain to me about?"""
,"In the past, I would have snapped back.......And I've been counterbalancing her, responding to her hatred with my own hatred."
,"...No, I wasn't counterbalancing her.I was being made to bear that which had been forced onto her on my shoulders as well."
,"Just like how even now, ......I hate her."
,"So, now that I, ............know of magic, ......I'll look at the human called Ushiromiya Eva again."
,".........What I could see through to, ......was a sad human form, no different from me, who had lost her family and who bore deep wounds in her heart."
,"Unable to withstand the pain of that torn heart, she was doing nothing more than howl with a sad voice, like a lion crying in pain...like a child."
,"......Ushiromiya Eva is also a person I should feel compassion for."
,"She needed someone to understand the difficulties and pain of her childhood days, .........and even she who was the only survivor of the Rokkenjima crime, who was faced with the curiosity of all of society, who was publicly slandered and forced to have salt continually flung into the wound, had needed someone's compassion."
,"In order to let Eva forget her pain and sadness at least a little, ............the black witch, just like it had possessed Rosa oba-san, ......taught her magic."
,"It was the same magic of anger and sadness...that Beatrice had taught Maria onee-chan when she was mourning for her torn-apart friend, Sakutarou."
,"......That same magic...that witch...had probably dwelled inside Rosa oba-san too."
,"............So I shouldn't hate Ushiromiya Eva."
,"...Perhaps, .........I alone should have become her ally, the only person in the world who could understand her."
,"......What did I say to her when I was young, when she returned alive all alone...?"
,"Could it be, .........that I took an attitude, .........as though she had killed my family and returned alone......?"
,"..............................I can't believe it."
,"...Eva oba-san, who has never been more than a object of and synonym for hatred throughout my life, .........is turning into, ...a 'human' I can understand......"
,"Therefore.  .........I can see, right next to Eva oba-san, ......the form of the black witch, who taught her the black magic......"
,"Eva oba-san, ...was crying."
,"It was only natural."
,".........Not only did she have no one who would understand the pain of losing her husband and son at once, ......but her only relative had insulted her, ......saying 'give me back my Dad and Mom'."
,".........I can make the excuse that I had been merciless because of my youth."
,"...However, ......to her at the time, that had probably been cruel enough to sever the last thread to her heart."
,"..................In the following days, the talk shows and magazines publicly slandered her."
,"The truth of her husband's business and character, and even her beloved son were negated."
,"She no longer had anything left."
,"She could do nothing but cry and howl, ......trying to forget the pain and sadness at least for a while."
,"Because she could only feel a tiny bit of release, and only during the time that she howled."
,"And so, .........the black witch taught her how to howl."
,"The one I hated...was the black witch.Black magic could probably release one from that pain in an instant."
,"......However.  That weight would certainly never be lifted from one's shoulders."
,"To the contrary, that weight would force itself on further victims, .........filling the world with the weight of hatred."
,"............If only Eva oba-san knew of white magic, and had a true witch nearby..."
,"......Wasn't that, ............supposed to be, ......me.........?"
,"Didn't I learn the magic to create happiness from Maria onee-chan?"
,".........If I had taught her, ......with that magic, ............could we have, ......built a future with a completely different relationship?"
,"Up until now, .........I've hated Eva oba-san the whole time....So I didn't notice the black witch beside her."
,"......Without love, it could not be seen.I did not......have any love for her......"
,"So now, finally............I'll glare at the black witch, ......the one I truly should hate."
{f:5:Eva Beatrice},"""......Oh.  .........Whaat's this?  You can see me?  Ehheheheheh...!"""
Ushiromiya Ange,"""...............I can see you.  ......The one I should've hated wasn't Eva oba-san.  ......It's you."""
{f:5:Eva Beatrice},"""Whoa, awesome.  To think that a lowly human could see a witch like me.  ......And so?  Are you trying to say something with that glare?  Do you hate me?"""
Ushiromiya Ange,"""............Hate?  ......Yes, I do.  ......But...that's not quite it.  ......I just think you're a little sad."""
{f:5:Eva Beatrice},"""Sad?   {Comment:blank:}......*giggle*giggle*, ahhahahahahaha!  What're you saying?!  Nothing wrong with getting mad!  Why not hate me as much as you waant?!"""
Ushiromiya Ange,"""......I won't hate.  Hating you, .........means I'm doing nothing more than inheriting Eva oba-san's hatred.  ......I'll interrupt the hatred.  ......I'll accept Eva oba-san's pain, .........purify it, and throw it away."""
{f:5:Eva Beatrice},"""Ahhahahahahahahaha!!  What kind of epiphany do you think you've had?  Is your head alright?  I mean, why don't you just give up and diie?!  "
{f:5:Eva Beatrice},"Kyaahhahhahahahahahaha!  You guys, kick her more and more, okay?  Not her face, though.  'Cause it'd be boring if her pitiful face got any better!"""
Ushiromiya Ange,"""Gwurgh!  .........Gwah!!  ............gu, ......"""
,"The black-suits persistently kicked my stomach and back.......As though they had been ordered to by the black witch."
Sumadera Kasumi,"""......My, my, can't take it......?  ............You keep staring right at me.  You hate me?  I'll bet you do.  Same here.  *giggle*giggle*giggle*......"""
,"Kasumi sneered at me.......But for some reason, I had the feeling that she was crying behind that expression."
,"Just like me, the pain of being forced with an unreasonable life would never, ever heal."
,"......The sad lion gasping in pain from the thorn he can't get out continues to howl..."
{f:5:Eva Beatrice},"""Hey, Sumadera Kasumi, take a look.  Over there, it's you as you used to be.  "
{f:5:Eva Beatrice},"......Has your mood cleared up?  You used to be standing there, but now you're on this side, right?  Eheheheh, isn't it pleasant?  Don't you like having your position switched?!"""
Sumadera Kasumi,"""............Yes, it truly is, .........pleasant.........  Ahhahahahaha, how can you make that kind of face, Ange...?!  Go on and cry, you want to, right?!"""
{f:5:Eva Beatrice},"""Kyahhahahahahahaha!!  Yes, yes, of course she wants to cry!  Make her cry.  "
{f:5:Eva Beatrice},"Didn't someone make you cry back then?  So make her cry too.  *giggle*, and Ange, it's alright, okay?  Why not cryyyyyyy?!  Kyaaahhahhahhahhahha!!"""
Sumadera Kasumi,"""...Aha, ...ahahahahahahaha!!  Cry, Angee!  I want to see your crying face!  Cry, and try saying 'I'm sorry, Kasumi oba-san'...!!"""
{f:5:Eva Beatrice},"""Yes, make her say those words.  ......Aren't those words painful?  Isn't being made to apologize for something that isn't your fault, ......truly painful......?  "
{f:5:Eva Beatrice},"Make her feel the same way...  By doing that, you can relieve your pain.  "
{f:5:Eva Beatrice},"......Ehheheheh, yes, that's fine.  Be a little more honest with yourself, right?  Why not spit out your emotions more, and more, and mooooooooooore?!"""
,"......The black witch stirred Kasumi up.And Kasumi began to give herself over to that dark emotion."
,"......By turning deep sadness into an evil alcohol and forcing it down, trying to forget it for just an instant, nothing would change."
,"The words Kasumi insulted me with, .........were themselves, ......sad."
,"And...I couldn't forgive the black witch who had imposed that sadness on Kasumi........."
,".........I had gone limp, which seemed to have stopped the black-suits' kicking competition."
,"...Or maybe the people kicking were getting tired too."
,"Kasumi didn't order them to stop, but at some point, they halted."
,"However, I was reflected in Kasumi's eyes, and they burned me with flames of hatred."
,"......She had been tempted by the witch to do that in order to relieve her own pain."
{f:5:Eva Beatrice},""".........Sumadera Kasumi.  You aren't done.  You've got much more trampling to do, right?  Can you forgive what happened to your entire life with just a little violence?"""
Sumadera Kasumi,"""...I can't.  ......I still can't forgive her with just this."""
{f:5:Eva Beatrice},"""Right?  There's no way you can forgive her!  Do it more!  More of the flames of hatred!  Nothing can warm you except the flames of hate.  After being frozen in the snow fields of anger and sadness, the only flame that can warm you up is hatred...!!  "
{f:5:Eva Beatrice},"Say it, alright?  Scream it!!  Why not burn yourself to ashes with a roar of haaaaaaaaaate?!"""
Sumadera Kasumi,"""U, ......Ushiromiya Angeeeeeeeee!!  I cannot live, ......without hating you!!  Ehhehehehahhahahahahahahahahahaha!!"""
{f:5:Eva Beatrice},"""Sumadera Kasumi, that bundle of flowers.  .........These flowers are for your dead family, right, Ange?"""
,"The black witch grinned at me unpleasantly, using her chin to signal Kasumi to pick it up."
,"Kasumi picked up the flowers I was going to offer, .........brought them all the way over to me, dropped them, and made a show of trampling them..."
,"Her expression was filled with hatred, ......and a frantic quality that couldn't be explained with just hatred."
,"...The way she trampled them over and over again was as though the sadness in her was reaching the bursting point."
,"So the sound of her trampling it was just sad."
{f:5:Eva Beatrice},""".........Oh, still not tough for you at this level?  Then what about this?  Sumadera Kasumi!  Use this."""
Ushiromiya Ange,"""......N, .........no.........Not that........."""
,"The object the black witch pointed at, .........was Maria onee-chan's grimoire."
,"Kasumi also noticed it, and picked up that book which was heavier than it looked..."
Sumadera Kasumi,"""Whaat's this?"""
{f:5:Eva Beatrice},"""*giggle*.  ......Why not read it?  Eheheh, you might fall over laughing, you see?"""
,"Kasumi opened the grimoire, ......skimmed over the contents, and snorted derisively."
Ushiromiya Ange,"""Give it back......, that's......, Onee-chan's............"""
,"Of course, my hand couldn't reach."
,"......My stomach was once again kicked by the black-suits, and I doubled over..."
{f:5:Eva Beatrice},"""See?  This book is really important to Ange, right?  Belittle the things that are important to her, right?  That'll work better than punching or kicking for a girl like her.  ......You know that better than anyone, right...?"""
,"As though remembering something painful, Kasumi's face twisted for an instant."
,"......But that quickly disappeared, changing into a scornful smile directed towards me."
Sumadera Kasumi,"""*giggle*giggle*.  Whew, what a creepy book.  ......Did you write this.........?"""
Ushiromiya Ange,"""......Stop it......, give it back........."""
{f:5:Eva Beatrice},"""*giggle*giggle*giggle*, *giggle*giggle*!!  Look at that face...!  Belittle it more, belittle it more...!  Teach her the pain of having your dignity trampled, since that's the only way to soften your own pain...!"""
Sumadera Kasumi,"""Heh, heheheheh, what's with this embarrassing book...............I'll admit I did have a little interest in fortune telling as a girl."
Sumadera Kasumi,"But isn't this going a bit too far?  Magic?  Ew.  ......You're one of those, aren't you.  You know, those people who say that something-somethi~ng spell and transform into a witch in anime.  You like those, right?  .........How pitiful.  *giggle*giggle*."""
,"Cackling, Kasumi opened to a random page and showed it to the black-suits."
,"The black-suits looked too, and guffawed."
,"That sneer didn't wound me."
,"......But I couldn't forgive it....After all, that sneer was ridiculing Maria onee-chan."
,"I don't hate Kasumi.......For forcing Kasumi with that unhealing anger and sadness, ......I cannot forgive the black witch..."
,"That black witch ate into Eva oba-san, Sumadera Kasumi, and Rosa oba-san, ......tormenting them for an eternity without letting their wounds be healed."
,".........I can't forgive her............I can't forgive, .........the black witch......"
Sumadera Kasumi,"""How absurd...!  ......Magic for making candy fall from the sky, ......you say?!!  Ahhahahahaha...!"
Sumadera Kasumi,"  What's this?  Sprinkle water cleansed by the sun with sugar...?  Stick the magic staff in, and then an incantation, .........*cackle*cackle*cackle*, ahhahahahahahahahaha!!  What the hell?!  Ahhahahahahahahaha...!!  It huuuuuuuurts!!"""
,"The black-suits were also rolling around, guffawing."
,"Then, grinning, the black witch whispered something into Kasumi's ear."
,"......Then, after glaring at me with a grin, ......Kasumi took that page-"
Ushiromiya Ange,"""......Ah..."""
,"Kasumi grabbed hold of that page, tore it off, crumpled it up......and threw it away......"
Sakutarou,"『S, ......so mean, ......that was...Maria's magic.........』"
{f:5:Eva Beatrice},"""Oh, really?  Heheh, how sad."""
,"......It was one of the magics to summon happiness, ......that Maria had made with Sakutarou."
,"Anyone knows that making sugar water, coloring it, and leaving it by the window, ......isn't going to make candy fall from the sky."
,"But after repeating that every day, ......one time on her way home from school..."
,"She had found several pieces of candy scattered around..."
,".........How happy must that miracle have made Maria onee-chan."
,"......Did she take good care of that candy and taste it during her night alone with Sakutarou to distract herself from her loneliness?"
,"That, ......magic which Onee-chan had given birth to, ............had been torn and thrown away, ...and had disappeared......"
,"The entire miracle of happiness that magic had given birth to, ......had been torn and thrown away......"
Sumadera Kasumi,"""Oh, this part's great too...!  Magic to make dinner be cream croquette?  Ahhahahahahaha!!  ......What's next?  Magic to make delicious bell peppers?  This is also nifty, ridiculous!  Ahhahhahhahha...!!"""
{f:5:Eva Beatrice},"""Tear that too.  Eheheh!!  Why not tear more and moooooooore?!?!"""
,"With a brutal, loud laugh, ......the black witch made Maria onee-chan's magics be torn out one after another......"
,"Magic of happiness was...sneered at, ......torn, ......and thrown away......"
Mammon,"""Stop it..., stop it......!!  Don't, ......defile Lady MARIA's magic...!!  Don't defile it, ......with your filthy toxin...!!"""
,"Mammon cried and yelled, ......but she had no way of reaching Kasumi."
{f:5:Eva Beatrice},"""That's alright, why not defile it?!  Miracles of magic?  Magic to bring happiness?  None, none, nothing like that exists!  "
{f:5:Eva Beatrice},"You know, you can't heal pain and sadness without pushing it onto someone else.  ......I believe you had what you call magic friends, right?*cackle*cackle*cackle*!  Sumadera Kasumi, open to that page."""
Sumadera Kasumi,"""What's this?  Magic friends?  ............The Seven Sisters of Purgatory?  "
Sumadera Kasumi,"Aha, what a creepy name!  *giggle*, it says they can fly at awesome speeds, and finish off the enemy.  Ahhaha, Ange, if you can use this kind of magic, shouldn't you use it right now?  .........Ahhahahahaha.  Foolish!"""
,"The page that wrote of the Seven Sisters of Purgatory was also heartlessly torn away."
,"......The page itself was just paper.It wasn't Mammon's vessel or anything."
,"But the tearing, denying toxin burned Mammon from the inside......"
,"Mammon's face twisted from that heat and pain..."
Mammon,""".........Gah, ...............ack, ........."""
Sakutarou,"『Are you okay, Mammon?!  Hold on......!!』"
Mammon,"""......This much is, ......no problem.........It's not me, ......but Ange-sama, .........who's in pain........."""
,"However, Mammon's expression was twisted with unbearable pain and humiliation......"
Sakutarou,"『Stop it, black witch......!!  Why are you doing something like this?!  Why, ......can't you use magic for happiness?!!』"
{f:5:Eva Beatrice},"""......Oh, you're a magic friend too, right?  *giggle*, I'll defile you too.  Sumadera Kasumi, look for this guy's page too okay?"""
Sumadera Kasumi,"""What's this one?  What's with this crappy scribble of a lion?  ......Sakutarou?  What a weird name!  My best friend, it says.  Really?  This is your friend?  A close friend?  This lion is?  Is it, is it?"""
{f:5:Eva Beatrice},"""Ahhahahahahahaha!!  It really is a crappy scribble.  This clumsy lion really is you."
{f:5:Eva Beatrice},"To think she had something like this as a friend...That Ushiromiya Maria kid's mind is so pathetic it's shocking, what a jo~ke.  .........She's like, a moron.  Why not give up, and diiiiiiiieee......?"""
Sakutarou,"『U...ryu...............Don't make fun......of Maria......』"
Ushiromiya Ange,"""..................St......op......it............Don't break it........."""
,"""""No waay."""""
,"There was a shrill sound.  .........The page had been filthily ripped out..."
,"The picture of Sakutarou, ......that Onee-chan had made, ......was violently ripped in half........."
{f:5:Eva Beatrice},"""Crap-py pictu~re.  Kyahhahahahahahahahahahaha...!"""
Sumadera Kasumi,"""You all laugh too, okay?  Aahhahahahahahahaha...!"""
,"A pair of the black-suits laughed vulgarly, ......and heartlessly trampled the two halves that had been torn and thrown away......"
Sakutarou,"『Uuuuuuuuuuuu, ......hic!  ......Uuuuuuuuuuu......』"
Mammon,"""......Sakutaro, ......hang in there........."""
Sakutarou,"『I'm...not sad.........I just, ......can't stand it............I can't stand that, .........Maria's being made fun of, ......and I can't do anything about it......』"
Mammon,"""........................To humans who can't see us, .........it's as though we don't exist.........We can only interact with humans that need us.  ............That's why, .........we're furniture........."""
,"As Sakutarou and Mammon, ......supported each other, ......they crouched down, ...sobbing..."
,"I couldn't stand it either............Those who can't see how wonderful the world of magic is...can't understand it."
,"You can't explain to humans who can't understand.So it is belittled..........If you could show it..."
,"......But you can't......"
,"Because, in front of humans who are filled with the magic-resisting toxin and who can't understand magic, magic cannot be used......"
Sumadera Kasumi,"""I really don't get it.  From this delusional diary, I've got to assume that something's wrong with your head.  ......It really is interesting to take a peek into your mind.  You creepy child."""
{f:5:Eva Beatrice},"""Both you and Maria.  ......And that stuffed animal and the furniture over there too, right?  *giggle*giggle*giggle*!!  Ahhahahahahahahahahaha!"""
Sumadera Kasumi,"""Aah, I could laugh.  You don't have any friends, do you?  You're a-lways all alone, so stuffed animals are your friends?  What a pitiable child.  "
Sumadera Kasumi,"Ehheheheheheheheheh...!  Don't worry, I understand.  I know what it's like to live that way.  .........So I'll accept it.  You really are a pitiable child, right?  Ehhehehhahahahahahahaha!"""
,".........To you, I probably do look......like a pitiful child."
,"That's right."
,"If a hundred people were to read Onee-chan's diary, a hundred people would probably think the same thing."
,"......I used to be like that too."
,"But you know, .........despite all of that, ......Maria onee-chan, ......summoned a world of happiness."
,".........Don't deny, .........that magic...and happiness......"
{f:5:Eva Beatrice},"""Such a stubborn child, you are.  ......Alright.  This is the last one.  I'll tear apart the source of the truly foolish magic that you and Maria believed in.  Sumadera Kasumi, read this page, alright?"""
Sumadera Kasumi,"""Hmmm, what is this colorful page......?  ...What's this?  .........Magic to, ......always be friends with my beloved mother...?"""
Sakutarou,"『S, stop iiiiiiiiiiit!!  Not that page......!!』"
Sumadera Kasumi,"""Aha.  This magic is really simple, isn't it?  It looks like even I could do it.  .........Even I could remember an incantation this short.  Shall I try it?"""
{f:5:Eva Beatrice},"""*giggle*giggle*, it really is a short incantation, isn't it?  Alright, give it a try, let's have everyone spit it out!"""
,"With expressions that ridiculed it from the bottom of their hearts, the black witch and Kasumi, ......tapered their mouths.  .........And they said it aloud......"
Sumadera Kasumi,"""Uu-uu-."""
,"The black-suits stared blankly, asking what the hell that was supposed to be.Then Kasumi answered, cackling."
Sumadera Kasumi,"""This is supposed to be an incantation.  Are you kidding me...!  Ahhahahahahahaha...!!!"""
{f:5:Eva Beatrice},"""Come on, why don't you guys try it too?  Uu-uu-uu-."""
,"The black-suits imitated that moaning voice, making fun of it......"
,"――――'Uu-uu-.'That was the incantation...for the magic that would let her always be friends with her beloved mother."
Sumadera Kasumi,"""What the hell, how stupid...!!  If you could make family relationships better just by saying uu-uu-, the world would always be peaceful.  Ahah-hah-hah-hah-ha!!"""
{f:5:Eva Beatrice},"""Uu-uu-uu-!  A stupid moaning voice!  Too bad that if you do this over and over again, people'll think you're a pathetic, stupid kid!  Are you a moron?!  Wahhahahahahaha, waaahahahahahahha!!"""
Sakutarou,"『Stop iiiit......, at least don't belittle......, that magiiiiiiiic......』"
,"............On the day of a picnic where Maria onee-chan and Rosa oba-san were alone."
,"It was written that this was one of the five happiest days of her life."
,"And Onee-chan was singing a song she had just learned from her Mama."
,"......She had been delighted.But partway through, she forgot the lyrics."
,"But since she saw that her Mama was so delighted, she tried to sing until the very end."
,"With 'uu-uu-uu-'."
,"......She had sung it with fake lyrics, but her Mama was very pleased......"
,"After that, 'uu-' remained as an incantation to remember that day she had spent in fun and happiness with her Mama."
,"Of course, even though she had thought it funny at first, Rosa oba-san eventually tired of hearing it, and later on, scolded Onee-chan when she said it, ......but to Onee-chan, it was a memory of a fun day that she would never forget......"
,"So among the magics that Maria had created, it was the oldest and the first......"
,"Kasumi stuck her fingernails into that page too......"
Ushiromiya Ange,"""......Stop it, ............don't tear it......  At least spare, .........that page........."""
Sumadera Kasumi,"""Hahahahahahahahaha!  No waay!!"""
,"............With a shrill sound, a girl's world of happiness...was...erased."
{f:5:Eva Beatrice},"""Uu-uu-uu-!  Aaaahhahhahhahhahha, aaaaahahahhahahah!!  Is this your magic of happiness?  Hilarious, hilarious...!!"
{f:5:Eva Beatrice},"There's no way there could be magic to make you happy, right?!  Magic is made out of anger and hatred, right?"
{f:5:Eva Beatrice},"Happiness is what you call the feeling of release you get only when you've pushed all of the hatred you bear onto other people.  The happiness you all are talking about is a phantom that doesn't show up outside picture books!!"""
,"As Kasumi laughed her head off, she slammed the grimoire against the ground, and stepped on it."
{f:5:Eva Beatrice},"""Can't stand it?  Hey, you can't stand it, right?!  You white witches of happiness?  If you can't stand it that much, why don't you show us?!  Show us your magic!!  "
{f:5:Eva Beatrice},"If it exists, then you just have to show us, riiiiight?  .........A witch that can't use magic isn't a witch!!  So the real witches are us.  You're just brats trying to escape reality with a dream of magic!!"""
Ushiromiya Ange,"............Then, .........if I can show you magic, ......will you, .........believe in Onee-chan's magic.........?"
{f:5:Eva Beatrice},"""Huh?  Kyahhahahaha, yes, yes!!  I'll believe!  If you can use magic and show me, that i~s!!  Then give it a go, you stupid braaaaaaaaaaaat!!"""
,"................................."
,"Silently, slowly, ......I stood up.......Sensations of this narrow world, such as pain in my body, felt truly trifling......"
Sumadera Kasumi,"""Oh, looks like you've still got enough energy to stand up, Miss Great Witch?  *giggle*giggle*!"""
{f:5:Eva Beatrice},"""Now that you've stood up, what are you going to show us?  Show us your magiic...!"""
Ushiromiya Ange,"""............Magic...exists."""
Sumadera Kasumi,"""Whaa?  What's this kid saying...?!  Did you guys hear that?!"""
{f:5:Eva Beatrice},"""Silence!!!  ............Heh, isn't that interesting.  ...You have always declined to show this power of miracles because of the magic-resisting toxin.  .........Disciple of the white witch MARIA.  Try showing me magic...!!"""
Ushiromiya Ange,""".................."""
{f:5:Eva Beatrice},"""......Do you have any clue how many humans have believed in that miracle and have been betrayed?  "
{f:5:Eva Beatrice},".........*giggle*.  Everyone believes!  Everyone is betrayed and despairs!  And they learn that true magic can only be gained by the power of black witches, like me...!!"""
Ushiromiya Ange,"""............Hitting someone with your hatred is nothing more than a crime.  That isn't magic.  .........I'll show you real magic."""
{f:5:Eva Beatrice},"""............Y, you..............."""
,"The black witch winced slightly.However, Kasumi sneered at me even more."
Sumadera Kasumi,"""Then try showing us.  So then, what kind of magic will you show us?  Magic to make candy fall from the sky?  Or else magic to make cookies multiply?  "
Sumadera Kasumi,"............Whaaa?!"""
,"The instant I opened my eyes, a tremendous wind arose."
Sumadera Kasumi,"""Wh, ......what is this, all of a sudden.........?!"""
Ushiromiya Ange,"""Come, arise, the Seven Sisters of Purgatory."""
{f:5:Eva Beatrice},""".........Whaaat......"""
,"There was a flash behind me, and in an instant, seven high-level furniture were gathered there.It was a power that far surpassed the magical power I had had in my prime.It was a power that matched even Maria onee-chan and Beatrice."
Lucifer,"""The Seven Sisters of Purgatory, right here...!!"""
Mammon,"""......A, Ange-sama......!"""
Ushiromiya Ange,"""You said it once.  ......Because I lacked magical power and resolve, ......I could not use you or your sisters.  ......This isn't some cheap emotion, like wanting to get back at my bullying classmates."
Ushiromiya Ange,"...In order to protect Maria onee-chan's, .........Mariage Sorciere's world, ......I now order you to show me the miracle of magic."""
Mammon,"""I, it's impossible...  No matter what, before such a mass of toxin........."""
,"The Seven Sisters also remembered what happened in that classroom.......If they could have obeyed Ange's order, they would have."
,"......However, ......surrounded by the toxin that runs thick in humans, they hadn't been able to display the miracle of magic."
,"......And they remembered very well how deeply that had hurt Ange......"
,"But Ange spoke very quietly."
Ushiromiya Ange,"""In that case.  You all believe too."""
Mammon,"""......Huh?"""
Ushiromiya Ange,"""............Mariage Sorciere was created to make people happy.  ...And also to fight the black witch."
Ushiromiya Ange,"In order to show that miracle to the foolish black witch, ...who denies the world that one of the founders, the Witch of Origins Lady Maria, gave birth to, ......and in order to protect that world, .........believe.  In magic.  In witches.  Right now, in the miracle...!"""
,"When Kasumi gave an order to the black-suits, one of them took out a gun and pointed it at Ange."
Sumadera Kasumi,"""You'll show us magic, right?  Then show us.  Use magic to shoot this man down with a fireball or lightning or something.  "
Sumadera Kasumi,"You get one chance.  .........Show us before I count to three, alright?  If you can't, then you had best prepare yourself, okay?  Ehheheheheh!"""
Ushiromiya Ange,""".........................................Shoot."""
,"""What's with this kid.  Hehheheh, she's lost it."""
,"The black-suit pointing the gun laughed at Ange's farseeing attitude."
{f:5:Eva Beatrice},"""Ahhahahahahaha!!  Are you serious?!  This girl's lost her mind!  In that case, get yourself shot!  Why not diiiiiiiiiiiiie?!"""
Sakutarou,"『Ange...!!  ......I, it's impossible!  You can't block bullets with magic......!!』"
Ushiromiya Ange,"""No.  There's nothing to be afraid of.  ............To my magic, to the Seven Sisters of Purgatory, bullets are like nothing."""
Mammon,"""A, Ange-sama........."""
,"Mammon was perplexed by Ange's absolute trust.......If she could comply, she would have.  On that day as well."
,"But, ......because she had been unable to do anything, she had hurt Ange........."
,"""Hehheheh, you brat.  If you can use magic, let us have a look right away."""
,"""What's wrong?  We're tellin' you to show us magic right now!!"""
,"""Come on, no need to hold back, right?  *booom*!  Show me some magic!!  Hihhehhehheh!"""
,"The black-suits jeered at her.But Ange simply concentrated her mind in silence......"
{f:5:Eva Beatrice},"""Why not shoot?!  She's also telling you to try and shoot, you guys!"""
Sumadera Kasumi,"""......This kid's already lost her mind from fear.  Bye-bye, Ange-chan.  ......Go and pretend to be a witch as much as you want in heaven.  ......Shoot."""
,"""Heheh, you sure?"""
Sumadera Kasumi,"""Shoot!  Die, Ange!!"""
{f:5:Eva Beatrice},"""If you can do it, then give your magic a try!!!"""
,"The black-suit cocked the gun, and sneering...pulled the trigger."
Ushiromiya Ange,"""........................"""
,"The sound of gunfire rang out, ......and the world...stopped."
,"A red spray scattered out, .........and chunks of flesh flew."
Mammon,"""...eh, ............ah......"""
Lucifer,"""What are you doing, Mammon?  ......Would you let a boorish pebble of a bullet reach Ange-sama?"""
,"Lucifer lined up the bullet perfectly, and with a single swing, ......sliced it......"
,"Then, ......in the chest of the black-suit who had apparently fired the gun, ......was a hole as big as a fist..."
Leviathan,""".........Every once in a while, it's alright for me to go first."""
,"Half of Leviathan's body was covered with blood, and a scornful smile was on her face."
,"......Then, slowly........., the pitiful prey that she had brought down...fell over."
Mammon,"""Y, ......you pierced...a human......!!!"""
Satan,"""Idiot!  Do you still not believe?!  In our master's magic power...!!"""
{f:5:Eva Beatrice},"""Are, ......you, ...kidding me.........?!?!  Y, you materialized, ...in front of this many humans?!?!"""
Sumadera Kasumi,"""Wh, .........what is, ...what?!"""
,"Kasumi and the rest were flustered..."
,"He certainly seemed to have fired the gun......However, ......it hadn't hit Ange, .........and why, ......was the person who fired, ...instead......?!"
Ushiromiya Ange,"""......This is...magic.  ......Great job, Leviathan."""
Leviathan,"""The greatest honor...!!  You foolish humans who dare oppose our master!  Now is the time of judgement!  Prostrate yourselves!!"""
{f:5:Eva Beatrice},"""W, why......?!!!  You shouldn't be able to bring magic into the world of humans...!!  They shouldn't be able to see magic, they shouldn't be able to be touched by magic!!  ......Why?!!"""
Ushiromiya Ange,"""............Because this...is true magic."""
{f:5:Eva Beatrice},"""......Gah, ......aaaaaaaaaaarrrggggg...!!"""
Sumadera Kasumi,"""Wh, what are you people doing?!  K, kill, kill!!!"""
,"One of the black-suits, who had finally come to his senses, took out his gun, readied it, "
Lucifer,"""Did you think I'd permit you the disrespect of pointing the barrel of a gun at our master......?!  Die."""
,"Those words were a requiem.......The man had already had his chest pierced by Lucifer, who had become the Stake of Pride in an instant."
,"*thump*!With the sound of the second person falling, the black-suits now realized for certain that their lives were in peril...!!"
,"""Uh, waaaaaaaahsasa, save me......!!!"""
,"The instant the black-suits, doubled over in shock, turned on their heels to escape from that place, ......the Stake of Sloth......"
Belphegor,"""............Be thankful that recompense for your violence against our master will be settled with just this.  Die!!"""
,"In his right eye, a hole as big as a walnut opened, and his head split."
,"Belphegor was sprayed with blood, and her face twisted demonically with the joy at being able to use her full power...!"
,"""Ooh, waaaaaaahhh?!  Who?!  Who's there?!  Where are you?!"""
,"The black-suits were flustered, pointing their guns in every direction.But they didn't understand what was happening."
,"They only knew that something terrifying was coming for them from somewhere, but they didn't know where...!!"
{f:5:Eva Beatrice},"""Dumbass!  Th, the enemy is right before your eyes!  The witch's furniture is after you!!!"""
,"But they could not see...!!Because they didn't believe in magic, they could not see...!!"
,"Just as the black witch said, Satan was standing boldly right in front of the black-suit."
,"However, the black-suit couldn't see that at all...!"
Satan,"""*giggle*...!  You think humans could see our forms?  Perceive us?  Ahhahahahahahaha, you stupid humans!!  Time to pay your foolish compensation for forgetting your awe of magic!!"""
Sumadera Kasumi,"""Eee, eeeeeeeeeeeekk!!!  What's this?!  What's going on?!"""
Ushiromiya Ange,"""............You cannot see.  Because you have no love."""
{f:5:Eva Beatrice},"""......Impossible!!  Even though there are so many humans here, even though the magic-resisting toxin is everywhere, ......why can you manifest your magic?!  Who, ...are you?!?!"""
Ushiromiya Ange,"""............A witch.  And unlike you, a real one."""
{f:5:Eva Beatrice},"""W, whaaaaaaaaaaahhhhh, damn iiiiiiit, you biiiiiiiitch!!"""
,"As though announcing his candidacy for being the fourth victim, one of the black-suits pointed his gun at Ange."
,"......And the trigger was......"
,"Ange glared at him coldly, and simply ordered."
,"""D, diiiiiiiiiiiiiiieeeeeeeee!!"""
Ushiromiya Ange,"""Next.  Satan."""
Satan,"""Satan of Wrath, already right here!!  "
Satan,"Blockhead!!  You think a simple bullet could hit Ange-sama or us now?!!!"""
,"The Stake of Anger, ......pierced and smashed the bullet fired by the black-suit, and continued straight on, towards the man's face-"
Satan,""".........Know your foolishness, and regret it in hell!!  Die!!"""
,"With a terrible explosive sound, the upper half of the man's head was smashed."
,"Bathed in scattered flesh and blood, Ange quietly asked one more question."
Ushiromiya Ange,"""...Hey, Kasumi oba-san.  .........Do you still...not feel like believing in magic?"""
Sumadera Kasumi,"""Th, there's no way...something so ridiculous, ......exists...!!  I, I won't acknowledge it...!!  There's no way magic exists......!!!"""
{f:5:Eva Beatrice},"""Yes, that's right...  There's no way magic exists...!!  There's no way witches exist!!"""
Sakutarou,"『M, ......magic exists!!  Witches exist......!!  Uryu-!!』"
Mammon,""".........That's right.  Magic exists.  Witches exist.  ......And, in this world filled with anger and sadness, it can become the key that opens the door to the world of happiness...!!  I won't let, ......someone like you deny that!!"""
Sakutarou,"『The key to a world of happiness is held in everyone's hand...!  And, ......no one has any right to steal that away......!!』"
Ushiromiya Ange,"""You pitiful human who cannot understand this.  .........If there had been magic in your life, it would probably have been very different, and much more calm."
Ushiromiya Ange,"When I think that in your entire life, you were never able to meet with a true witch, ......I pity you."""
Sumadera Kasumi,"""Eee, ......eeeeeeeeeeeeeeeeeeeeeeeekkk!!!"""
,"Kasumi let out a piercing scream."
,"At the same time, two of the black-suits came for me at once, thrusting their guns at my head."
,"......Like they were trying to use me as a hostage against something their eyes couldn't see."
,"......Against the Seven Sisters of Purgatory, who had now reached the level of weapons, this was completely pointless."
,"""Damn, where are you?!  You don't stop attacking, and this bitch is dead!!  Show yourself!!"""
Beelzebub,"""Kyahhahahahahahaha!!!  What the hell's he sayin'?!  And his guts look so tasty too.  .........Ange-sama, leave the next one to me!"""
Ushiromiya Ange,"""Go ahead.  Kill him."""
Beelzebub,"""I'm thankful!!  Sooo, happyyyyyy!!  Diiiiiee!!!"""
,"The man's chest split, and his guts poured out.......This terrible way of dying threw the other man into a total panic."
,"However, Asmodeus's form was already at his back, grasping his neck, ......and smiling obscenely......"
Asmodeus,"""What a cute kid.  ......Hey, hey, where do you want me to pierce?  *cackle*cackle*cackle*cackle*, Ange-sama, do you have any preference?!!!"""
Ushiromiya Ange,"""Head."""
Asmodeus,"""Certainly, my masteer!!  Die!!"""
,"The final black-suit had his head smashed by the Stake of Lust, and as his insides scattered, he twisted and fell."
,"In the gruesome world where six people lay in a sea of blood, .........witch and human confronted each other."
Ushiromiya Ange,""".........Sumadera Kasumi.  I sympathize with your pitiable life from the bottom of my heart.  ......I can give you magic to seal up that un-fillable hole in your heart.  If you will believe in that magic, that is."""
Sumadera Kasumi,"""D, don't say something, ......so foolish......!!  I, I, ...will not accept something like this!!  Eeeeeeeeeeeeeeeeeeeeeeeeekk!!"""
,"As Kasumi, who was scared out of her wits, stepped backwards, ......she picked up a handgun that someone had dropped."
,"Then, shaking, she pointed it at Ange..."
{f:5:Eva Beatrice},"""That's right, Kasumi...!  Shoot with that gun...!!  Turn your hatred into a bullet and shoot...!!"""
Sumadera Kasumi,"""Eeek, eeek...!!  I'll kill you..., I'll kill you...!!  If I don't kill you, my life will never be rewarded......!!"""
{f:5:Eva Beatrice},"""Yes, kill!  Pull the trigger!!  Take all of the anger and pain from your shabby life until now!  Use it all against her!"
{f:5:Eva Beatrice},"If you don't, you won't be released from your pain and anguish!!"""
Ushiromiya Ange,"""............Stop it, Kasumi oba-san.  ......You must not listen to the black witch."""
Sumadera Kasumi,"""I'll kill you......, I'll kill you......!  Because of your mother, ......my entire life, ......has been a wreck......!!"""
Ushiromiya Ange,"""In that case, my magic might be able to turn that life into something bright and peaceful, bit by bit, starting now.  If you believe in magic and even replace your heart, the door to a new world will open for you."""
{f:5:Eva Beatrice},"""There's no such thing!!  The salvation she speaks of is obviously just some fairy tale!  "
{f:5:Eva Beatrice},"Your life is already covered with thorns until you die...!!  Let her hear that cry of agony!!  You can't regain anything that was lost..., right?  Sumadera Kasumiiiiiiiiii?!?!"""
Ushiromiya Ange,"""That's right, you might not be able to regain anything.  However, you can surely create something new.  So Kasumi oba-san.  Throw that gun away.  .........I might be able to teach you of a world of happiness too, Kasumi oba-san."""
Sumadera Kasumi,"""Eeek, ......eeeeeeeeeekk......!!  Y, .........you know what, ......?!!  Because your mother ran away, .........I was forced to marry her fiance as a substitute...!!"
Sumadera Kasumi,"You know there was a man I swore I'd spend my life with?!  You know I was forced to break up with him?!  You think you understand how I felt when I was made to wed in your mother's place, ......and was held by a man I had barely even talked to?!?!"
Sumadera Kasumi,"I wanted to kill her!!  But Nee-san just went and died on her own!  That's why I'll kill you!!  Otherwise, my thorn-covered life will never eeeeeeeeeeeeeeend!!"""
,"......From Kasumi's eyes, tears of passion dripped down."
,"So pitiable.........This person's tears were so clear and beautiful."
,"But for that very reason, ......she hadn't been able to fully withstand her sad pain, and had had no choice but to listen to the black witch's temptation..."
Ushiromiya Ange,"""..................So pitiable.  ......In that case, I'll at least release you...your soul...for all eternity, and free you from the bonds of resentment.  .........That might be the only bit of charity I can give right now."""
Sumadera Kasumi,"""Diiiiiiiiiiiee, Ushiromiya Angeeeeeeeeeee!!!"""
Ushiromiya Ange,"""Goodbye, Kasumi oba-san.  .........Take a long rest in a quiet world."""
,"I can no longer feel your anger and hatred.I just want to let your soul rest in peace."
,"Kasumi's handgun spat fire."
,"Slowly, that bullet continued through a world frozen to the utmost limit......, aiming for ANGE's forehead."
Ushiromiya Ange,"""Mammon."""
Mammon,"""......Y, ......yeah!!  Mammon of Greed, right here...!!"""
Ushiromiya Ange,"""Thanks."""
Mammon,"""......Huh?""\"
Ushiromiya Ange,"""Because I met with you and Sakutarou, I was able to understand everything."""
Sakutarou,"『......Ange......』"
Ushiromiya Ange,"""Look away, Sakutarou.  .........Mammon.  Release that woman.  And, protect the honor of Mariage Sorciere...!!"""
Mammon,"""Y, .........yes!!  ......Prepare yourself, Sumadera Kasumi!!"""
,"Even though the world was frozen, the Stake of Greed flashed like lightning, .........and had already pierced Kasumi's back..."
Mammon,"""If you possess the slightest virtue, you shall have an audience again on the mountain of Purgatory!!  .........Diiiiiiiieee!!!"""
,"The upper half of Sumadera Kasumi's head was smashed."
,"......Her cage of flesh was shattered, ......and she was finally released......"
Ushiromiya Ange,""".........Next is you.  ...........The black witch.  ......By now, I think even the fact that you look like Eva oba-san is inexcusable to her."""
{f:5:Eva Beatrice},"""Heh, ......heheheheheh.  ...If my form still looks like Ushiromiya Eva, that means you still haven't been able to forgive 'me' inside yourself."
{f:5:Eva Beatrice},"I understand, Ange.  ............You also want to be released from your thorn-covered life more than anything."""
Ushiromiya Ange,"""........................"""
{f:5:Eva Beatrice},"""In that case, ......I thought of something interesting.  I'll show you magic as well.  .........I won't be the one to kill you."""
,"With the worst smile on her face, the black witch changed her form into something like a black mist, ...or else a vast swarm of black flying insects, which began to swirl around me."
,"Then that black mist began to gather bit by bit, ......shaping itself into the form of a human."
Ushiromiya Ange,"""..................What's this supposed to be......"""
{f:5:Eva Beatrice},"Ehheheheheh!You at least have a vague idea, don't you?!{n}That woman you hated and despised the most!{n}And that woman hated and despised you the most...!"
,"When the black mist cleared, .........over there was, ............Eva oba-san's form, ......as she had been while alive."
,"......Her hands...were holding a gun."
Ushiromiya Ange,"""............Eva oba-san, ......died."""
Ushiromiya Eva,"""*giggle*, long time no see, Angeeee.  ......I've returned from hell to kill youu!  *cackle*cackle*!!"""
,"Eva oba-san glared at me with a mad laugh."
Ushiromiya Ange,"""But, ......I'm not that surprised.  Eva oba-san was that kind of person."""
Ushiromiya Eva,"""I imagine your mood's cleared up quite a bit since my funeral, right?  Mine has too, since I never have to see your face again...!  But I had just one regret.And this is it!!"""
Ushiromiya Ange,""".........Killing me?  .........Was that your last request?"""
,"How pitiful.......Even after death, ......Oba-san wasn't released from her pain......"
Ushiromiya Eva,"""The black witch's power is itself the source of my magic.  Anger and hatred taught me how to work hard and persist.  Completely different from this magic to escape reality that you speak of!"""
Ushiromiya Ange,"""......The magic you speak of is nothing more than stress reduction through outbursts of anger.  ......Our magic is different.  It can remake the entire world.  .........It's of a completely different class than your ill-natured magic."""
Ushiromiya Eva,"""*giggle*!!  In that case, let's settle who will win right here, black or white...!!  Against my miracle done by black magic of reviving even after death and pointing a gun at you like this, what kind of miracle will your white magic oppose me with?"
Ushiromiya Eva,"You're wrapped up in the magic-resisting toxin.  You can't call the Seven Sisters any more.  That miracle just now won't occur again...!!"""
Ushiromiya Ange,"""............Having it occur despite all that is the reason it's called magic.  ......Alright.  Mammon.  Lend me your power."""
,"......But Mammon didn't respond.  She didn't appear."
,"Certainly, as she said, the magic-resisting toxin had burned everything up like a wasteland parched by a blazing sun..."
,".........This might be a little tough."
Ushiromiya Eva,"""It's useless to call out.  Never again!  The Seven Sisters of Purgatory won't answer!"""
Ushiromiya Ange,"""And, being able to call them even so is what makes it magic, right?"""
Ushiromiya Eva,"""........................How pitiful, Ange.  So long.  The scarce days with you were somewhat fun.  This is goodbye.  ......Isn't it great that your final stop would be here?"""
Ushiromiya Ange,"""Yeah, totally.  How thoughtful."""
Ushiromiya Eva,"""Thanks.  Then this is farewell."""
,"The barrel of the gun rose slowly, ......so that you could see all the way down it."
,"Then, .........the trigger was slowly........."
,"At that moment, ......the gun exploded."
,"...It wasn't that it fired.......It ruptured."
,"............You're...kidding me......"
,"......In shock, inside a frozen space, ......Eva looked at the ruptured gun."
,"When time melted, the fragments would probably smash into her face all at once..."
Mammon,"""......Mammon of Greed.  Right here."""
Ushiromiya Eva,""".....................You're...kidding me..."""
,"Behind Eva's back, Mammon stood..........She had already penetrated the target I had given her.......Which was...the gun."
Ushiromiya Ange,"""Is this, ......enough magic for you?  ............Eva oba-san."""
Ushiromiya Eva,"""......A, .........Angeee........."""
,"Then, time melted.The fragments of the burst gun and exploding gunpowder burned her face.Letting out a shrill scream, she covered her face and rolled around......"
,"......It was pitiful."
Ushiromiya Ange,"""......You were unlucky.  ......This is game over.  Eva oba-san."""
,"I signaled to Mammon....So that Eva would be freed quickly from the pain of her burnt face as she writhed around."
Ushiromiya Ange,"""............Thank you, Mammon.  ...This time, I want to apologize again, and from the bottom of my heart, for calling all of you powerless on that day in the classroom.  You were excellent furniture for protecting witches."""
Mammon,""".........I'm the one that's grateful.  ......I feel truly honored at being able to meet a good witch...a good master in the end, and at being able to fulfill my duty as furniture...!"""
,"Mammon had understood.This would be the final job I'd give her."
,"Mammon quietly walked up to me.Then, she looked down at Eva."
Ushiromiya Ange,"""......Eva oba-san.  Thank you for sticking with me for so long.  This is farewell.  <Have a nice dream>.  <See you in hell>."""
Ushiromiya Eva,"""<Cool>."""
,"Then, ......the light sound of her forehead being bored into rang out."
,"......The battle of gunpowder smoke and fury...of white and black magic...ended."
,"I get the feeling it was a long, .........truly long journey.And the world slowly......sank into darkness........."
,"The stars that should be sparkling, .........lay not in the sky, but were scattered beneath me."
,"......When I realized that the pearl and ruby made a red and white stream, I noticed that it was a vast nighttime scene spread out below me..."
,"I was in the sky of that nighttime scene, neither standing nor flying, ......but simply floating."
,"......From nowhere in particular, I could hear a *clap*clap*clap*, a truly dull applause."
,"I know.......It's the one who ordered me to go on a journey, ......Bernkastel.\"
{f:5:Bernkastel},"""............Congratulations, Endless Witch, ANGE Beatrice.  At the end of your travels, you understood everything about magic."""
Ushiromiya Ange,"""......Yes.  .........I now, ...understand everything about magic.  .........I am...a witch.  ......The last witch who inherited the magical world created by Mariage Sorciere."""
{f:5:Bernkastel},""".........No one besides you...can tear Beatrice's world to pieces."""
Ushiromiya Ange,"""Because I know witches, .........I learned how to resist them."""
{f:5:Bernkastel},"""........................"""
Ushiromiya Ange,"""......Magic is made of love and sadness and anger.  ......No matter how cruel a witch Beatrice might have been, the source of her magic is exactly the same."
Ushiromiya Ange,".........And that's why I wish I could leave that world of hers alone.  ......After all, in her eyes at least, that world is complete."""
{f:5:Bernkastel},"""............But then you'd have to give up on your family."""
Ushiromiya Ange,"""...........................That's right.  So, I don't like doing it, but I have to fight.  .........The very reason I left on this journey to become a witch......was so that I could place my bet on the faint probability that I could take my family back someday."""
{f:5:Bernkastel},"""Unless you kill Beatrice, only worlds of isolation can exist for you.  ......As one who has traveled to billions of Fragments, I can guarantee it."""
Ushiromiya Ange,"""............I understand.  ......I don't have room for compassion.  ......I must make my heart a demon, .........and tear her heart to pieces."""
{f:5:Bernkastel},"""......It is good that you are steady in that resolve.  I was worried that, as another witch like her, you might grow attached and loose your will to continue."""
,"It felt a bit hollow hearing that from a person whose face was almost always expressionless, like her."
,"Bernkastel.......The witch of mystery who invited me to this journey.  ........................"
Ushiromiya Ange,"""At times, I've suspected that you might have lied to me."""
{f:5:Bernkastel},"""..................Why?"""
Ushiromiya Ange,"""......I am the Ange of 1998, so even if I save my family, they will only be saved for the Ange of 1986.  ......They won't be saved for me.  So I've sometimes felt like I was being deceived."""
{f:5:Bernkastel},"""........................That is correct.  I deceived you."""
Ushiromiya Ange,"""......But, now I'm grateful.  .........After all, in the end, you did teach me the way to take my family back."""
{f:5:Bernkastel},"""............I didn't teach you anything.  ......If you know that, it is because, as a witch, you have reached that mental state by yourself.  That mental state is different from mine.  .........I myself cannot understand, but if that is the truth, congratulations."""
Ushiromiya Ange,"""I am not a player in this game, but a piece.  You said this to me, right?"""
{f:5:Bernkastel},"""............Yes, I said it."""
Ushiromiya Ange,"""Now, I fully understand that role.  ............A piece doesn't need emotions.  It just has to give its all for victory's sake."""
{f:5:Bernkastel},"""............Yes.  That is correct.  A game is where you each make the best possible move, right?  If your moves get distorted by hesitation and confusion, your opponent will be confused as well."""
,"............Sorry, Beatrice."
,"But...don't hate me.......'Ushiromiya Ange' still needs her family."
,"So I have the right to fight you...so that I can take them back."
,"And, you have the responsibility to be challenged by me to a fight."
,".........So...don't hate me."
,"In exchange...If you do win in this game, I'll give you my blessing as well."
,"Come on, let's go..........As the piece I am, it's finally time for my true turn."
,"Sorry, Beatrice."
,"{e:120:I won't hand Onii-chan over to you...!!!}"
